{"cameraMode":{"drawMode":0,"name":"Shaded","section":"Shading Mode"},"sceneLighting":false,"audioPlay":false,"sceneViewState":{"m_AlwaysRefresh":false,"showFog":true,"showSkybox":true,"showFlares":true,"showImageEffects":true,"showParticleSystems":true,"showVisualEffectGraphs":true,"m_FxEnabled":true},"in2DMode":false,"pivot":{"x":-10.866055488586426,"y":-9.620322227478028,"z":14.948253631591797},"rotation":{"x":-0.24734348058700562,"y":0.26113203167915347,"z":-0.06941521912813187,"w":-0.9305022358894348},"size":11.925186157226563,"orthographic":false}