{"cameraMode":{"drawMode":0,"name":"Shaded","section":"Shading Mode"},"sceneLighting":false,"audioPlay":false,"sceneViewState":{"m_AlwaysRefresh":false,"showFog":true,"showSkybox":true,"showFlares":true,"showImageEffects":true,"showParticleSystems":true,"showVisualEffectGraphs":true,"m_FxEnabled":true},"in2DMode":false,"pivot":{"x":-1.8687834739685059,"y":-13.599067687988282,"z":-2.9574203491210939},"rotation":{"x":-0.11807075887918472,"y":0.8528763055801392,"z":-0.45487362146377566,"w":-0.2292906641960144},"size":10.848980903625489,"orthographic":false}