{"cameraMode":{"drawMode":0,"name":"Shaded","section":"Shading Mode"},"sceneLighting":false,"audioPlay":false,"sceneViewState":{"m_AlwaysRefresh":false,"showFog":true,"showSkybox":true,"showFlares":true,"showImageEffects":true,"showParticleSystems":true,"showVisualEffectGraphs":true,"m_FxEnabled":true},"in2DMode":false,"pivot":{"x":1.9796278476715088,"y":-1.794189214706421,"z":-12.241674423217774},"rotation":{"x":0.007266058586537838,"y":0.9911110997200012,"z":-0.11799965053796768,"w":0.0610303059220314},"size":8.200528144836426,"orthographic":false}