{"cameraMode":{"drawMode":0,"name":"Shaded","section":"Shading Mode"},"sceneLighting":false,"audioPlay":false,"sceneViewState":{"m_AlwaysRefresh":false,"showFog":true,"showSkybox":true,"showFlares":true,"showImageEffects":true,"showParticleSystems":true,"showVisualEffectGraphs":true,"m_FxEnabled":true},"in2DMode":false,"pivot":{"x":1.7757587432861329,"y":0.8839988112449646,"z":14.026693344116211},"rotation":{"x":-0.031440988183021548,"y":-0.057847704738378528,"z":0.0018591239349916578,"w":-0.9978599548339844},"size":6.61451530456543,"orthographic":false}