{"cameraMode":{"drawMode":0,"name":"Shaded","section":"Shading Mode"},"sceneLighting":false,"audioPlay":false,"sceneViewState":{"m_AlwaysRefresh":false,"showFog":true,"showSkybox":true,"showFlares":true,"showImageEffects":true,"showParticleSystems":true,"showVisualEffectGraphs":true,"m_FxEnabled":true},"in2DMode":false,"pivot":{"x":-2.249530792236328,"y":0.10885381698608399,"z":-3.0402088165283205},"rotation":{"x":-0.12503860890865327,"y":0.34550967812538149,"z":-0.04652450233697891,"w":-0.9289089441299439},"size":7.071067810058594,"orthographic":false}