{"cameraMode":{"drawMode":0,"name":"Shaded","section":"Shading Mode"},"sceneLighting":false,"audioPlay":false,"sceneViewState":{"m_AlwaysRefresh":false,"showFog":true,"showSkybox":true,"showFlares":true,"showImageEffects":true,"showParticleSystems":true,"showVisualEffectGraphs":true,"m_FxEnabled":true},"in2DMode":false,"pivot":{"x":7.3234686851501469,"y":-0.6655076742172241,"z":3.0743720531463625},"rotation":{"x":0.2644018232822418,"y":0.13500815629959107,"z":-0.03583800047636032,"w":0.954565167427063},"size":1.0970659255981446,"orthographic":false}