{"cameraMode":{"drawMode":0,"name":"Shaded","section":"Shading Mode"},"sceneLighting":true,"audioPlay":false,"sceneViewState":{"m_AlwaysRefresh":false,"showFog":true,"showSkybox":true,"showFlares":true,"showImageEffects":true,"showParticleSystems":true,"showVisualEffectGraphs":true,"m_FxEnabled":true},"in2DMode":false,"pivot":{"x":-3.6606826782226564,"y":1.7277528047561646,"z":1.0095854997634888},"rotation":{"x":0.06729532033205033,"y":-0.06729543954133988,"z":0.004551852121949196,"w":0.9954647421836853},"size":0.4043616056442261,"orthographic":false}